annee,mois,combinaison,tache,sujetId,consigne
2023,novembre,11,2,cmu71dd0h00b88iig464wbibt,"Je suis votre ami. Vous venez d’arriver au Canada et vous avez un entretien d’embauche. Posez-moi des questions pour vous renseigner sur son déroulement."
2023,novembre,38,3,cmu71dd0s00ct8iig0ggsfax8,"Il faut être autoritaire avec ses enfants. Qu’en pensez-vous ?"
2023,novembre,45,2,cmu71dd0u00d08iigzytqunx7,"Vous voulez visiter une région québécoise. Vous allez à l’office du tourisme pour vous renseigner sur les hébergements dans cette région (type d’hébergement, situation, prix, etc.). Je suis l’employé(e) de l’office du tourisme qui vous accueille."
2023,novembre,49,3,cmu71dd0z00de8iig5xrbpyz9,"Pensez-vous que faire travailler les gens jusqu’à 70 ans est une mesure acceptable ?"
2023,novembre,67,3,cmu71dg4w00eg8iigfa03x2fl,"Certaines personnes préfèrent voyager seules. Qu’en pensez-vous !"
2024,avril,34,3,cmu71di6d00st8iigcdl5kpvp,"Pensez-vous que faire travailler les gens jusqu’à 70 ans est une mesure acceptable ?"
2024,juin,7,3,cmu71di6o00x68iigte7m5x66,"La plupart des gens veulent paraître plus jeunes que leur âge. Qu’en pensez-vous ?"
2024,septembre,4,3,cmu71di75013c8iigbax8fmdt,"Quand on s’installe dans un nouveau pays, est-ce qu’il faut changer ses habitudes de vie (alimentation, vacances, vêtements, etc.)?"
2025,novembre,8,3,cmu71dm5f01s38iigveivqrzu,"🏴Il est plus facile de vivre seul(e) qu’en famille. Qu’en pensez-vous ?"
2026,janvier,2,3,cmu71dm5n01uv8iigfa4i1ofu,"Les parents doivent laisser leurs enfants utiliser les réseaux sociaux ? Qu’en pensez-vous ?"
2026,janvier,4,3,cmu71dm5n01v08iigefyzyr6m,"Tout le monde est capable d’occuper des fonctions de responsable (responsable d’un service, un magasin, une association, etc.). Qu’en pensez-vous ?"
2026,février,48,3,cmu71dobd01zd8iig65x3oxfo,"L’accès aux soins médicaux doit être gratuit pour tous. Qu’en pensez-vous ?"
2026,avril,72,3,cmu71dobw026u8iign9uppacn,"Est-ce que vous pensez qu’il est difficile de vivre dans un pays étranger ? Pourquoi ?"
2026,mai,21,2,cmu71doc1028e8iigmr8nvx5y,"Je suis votre ami(e). Je veux organiser une sortie en famille dimanche prochain et vous me posez des questions (lieu, activités, budget, transports, etc.)."
2026,mai,22,2,cmu71doc2028h8iigexpuvrek,"Je suis votre ami(e). Je vis au Canada. Vous allez bientôt vous installer ici. Vous voulez des renseignements sur l’organisation des transports (modes/moyens, prix, fréquence, rapidité, etc.)."
2026,mai,23,2,cmu71doc2028i8iigzino25va,"Je suis votre voisin(e). J’ai mis en vente un meuble dans le hall de l’immeuble (table, canapé, etc.). Vous êtes intéressé(e) et vous venez me poser des questions pour vous renseigner (état du meuble, prix, livraison possible, date, etc.)."
2026,mai,24,2,cmu71doc2028k8iigwgj10rju,"Vous venez d’arriver au Canada et vous m’hébergez pendant quelques jours. Nous sommes des ami(e)s. Vous me demandez des conseils pour trouver et louer un appartement (loyer, quartiers, modalités, etc.)."
2026,mai,25,2,cmu71doc2028n8iig78f0ovlf,"Vous êtes à l’hôtel pour quelques jours. Je suis responsable de l’accueil. Vous me posez des questions pour organiser votre séjour (petit-déjeuner, accès Internet, renseignements publics, transports, activités, etc.)."
2026,mai,26,2,cmu71doc3028p8iig4efioxpj,"Je suis votre collègue. Je cherche un(e) partenaire pour faire du sport. Vous êtes  intéressé(e). Vous me posez des questions sur mon activité sportive (type d’activité,  horaires, niveau, etc.)."
2026,mai,27,2,cmu71doc4028q8iigp2mkmpw5,"Je suis votre voisin(e) et nos enfants sont amis. Je vous propose d’emmener votre enfant  en vacances avec ma famille. Vous me posez des questions avant d’accepter (lieu, dates,  activités prévues, etc.)."
2026,mai,28,2,cmu71doc4028t8iig2diac0pj,"Je suis votre voisin(e). Je suis bénévole dans une association qui protège  l’environnement. Vous souhaitez participer aux activités de cette association. Vous me  posez des questions pour obtenir des informations (types d’activités, horaires, autres  participants, etc.)."
2026,mai,29,2,cmu71doc4028u8iigg96g3tcx,"Je travaille à l’accueil d’un musée. Vous souhaitez visiter ce musée avec des amis. Vous me posez des questions pour organiser votre visite (heures d’ouverture, prix, visites guidées, etc.)."
2026,mai,30,2,cmu71doc4028v8iigtnw5c14r,"Je travaille dans une agence de voyages. L’agence organise des excursions à la journée.  Vous êtes intéressé(e). Vous me posez des questions sur les journées proposées (lieux  visités, prix, organisation, etc.)."
2026,mai,31,2,cmu71doc5028x8iigzlhzde4u,"Je travaille à l’accueil d’un musée. Vous voulez organiser une sortie familiale. Vous me  posez des questions pour obtenir des informations utiles sur le musée (expositions, prix,  horaires, etc.)."
2026,mai,32,2,cmu71doc5028z8iigs8oz1dqd,"Nous sommes collègues. Vous souhaitez partir en week-end et je vous conseille de visiter une ville que je connais bien. Vous me posez des questions sur cette ville (hébergements, restaurants, lieux à visiter, etc.)."
2026,mai,33,2,cmu71doc502908iig7kc4btbk,"Je suis votre ami(e), j’adore le Canada. Nous discutons. Vous  m’interrogez pour comprendre pourquoi j’adore le Canada (cuisine,  habitants, paysages, etc.)."
2026,mai,34,2,cmu71doc602938iigp9k2ux5u,"Je suis votre ami(e). Vous voulez passer des vacances au Canada.  Demandez-moi des conseils pour organiser votre voyage (transports,  hébergements, tarifs, etc.)."
2026,mai,35,2,cmu71doc602958iignee9hok6,"Je suis votre colocataire. Je souhaite prendre un animal de compagnie.  Vous me posez des questions pour comprendre mon souhait (animal,  coût, soins, vacances, etc.)."
2026,mai,36,2,cmu71doc602978iigm37986ur,"Je suis votre voisin(e), je pars en voyage au Canada la semaine  prochaine. Vous me posez des questions pour avoir des détails sur ce  projet de voyage (durée, lieux, type de voyage, etc.)."
2026,mai,37,2,cmu71doc602988iigxmr4p0f8,"Je suis votre voisin(e). Vous voulez organiser un pique-nique. Vous me  demandez des conseils (lieu, nourriture, activités, etc.)."
2026,mai,38,2,cmu71doc6029b8iigtwddq1es,"Je suis votre ami(e). Je pars en vacances. Je vous demande de garder mon chat. Vous me posez des questions sur mon animal (alimentation, sorties, soins, etc.)."
2026,mai,39,2,cmu71doc7029d8iigjkifl6c7,"Je suis votre ami(e). J’ai organisé mon anniversaire sur un bateau. Vous êtes intéressé(e). Vous me posez des questions pour avoir plus d’informations (prix, invités, organisation, etc.)."
2026,mai,40,2,cmu71doc7029f8iiglid4xokb,"Je suis votre collègue. Je fais partie d’un club de marche. Vous êtes intéressé(e). Vous me posez des questions pour obtenir des informations (lieux, horaires, équipements, etc.)."
2026,mai,41,2,cmu71doc8029g8iigu0lwnfv6,"Je travaille à l’accueil d’un centre culturel. Vous souhaitez vous renseigner sur les activités proposées. Vous me posez des questions pour avoir des informations (types d’activités, horaires, public, etc.)."
2026,mai,42,2,cmu71doc8029i8iigrwp2bhem,"Je travaille à l’accueil d’un terrain de camping. Vous voulez louer un emplacement dans le camping. Vous me posez des questions pour organiser votre installation (prix, types d’emplacement, services, etc.)."
2026,mai,43,2,cmu71doc9029k8iigj0ezadtr,"Je suis professeur de sport (gymnastique, yoga, ping-pong, etc.). J’organise un stage le week-end prochain. Vous êtes intéressé(e), vous me posez des questions sur le stage (lieu, niveau, stagiaires, etc.)."
2026,mai,44,2,cmu71doc9029m8iigdkvct1iu,"Je suis un(e) ami(e). La semaine dernière, j’ai assisté à une émission de télé dans le public. Vous me posez des questions sur cette expérience (modalités d’inscription, durée de l’enregistrement, caractère de l’animateur, etc.)."
2026,mai,45,2,cmu71doc9029o8iig0080uts5,"Je suis votre collègue. J’ai passé une semaine dans une ville que vous ne connaissez pas. Vous me posez des questions sur cette ville (taille, quartiers, transports, etc.)."
2026,mai,46,2,cmu71doca029r8iig3pddpror,"Je travaille dans un office de tourisme au Canada. Vous souhaitez faire une semaine de randonnée. Vous me posez des questions pour obtenir des informations sur les offres existantes (tarifs, durée, lieux proposés, etc.)."
2026,mai,47,2,cmu71doca029t8iign7nvahms,"Je travaille dans une agence pour l’emploi. Vous venez de vous installer au Canada et recherchez du travail. Vous me posez des questions pour obtenir des informations sur les offres existantes (emplois, horaires, salaires, etc.)."
2026,mai,48,2,cmu71docb029u8iigbib9hyfr,"Je suis un(e) de vos collègues. Vous êtes arrivé(e) récemment dans l’entreprise et vous souhaitez en savoir plus. Vous me posez des questions sur le fonctionnement de l’entreprise (organisation, ambiance, cantine, etc.)."
2026,mai,49,2,cmu71docb029w8iigqj902ujw,"Je suis votre ami(e) et je vous invite à une fête. Vous venez de vous installer au Québec et c’est votre première fête ici. Vous me posez des questions sur cet événement (heure, cadeau à apporter, tenue, etc.)."
2026,mai,50,2,cmu71docb029y8iigzw42f908,"Je travaille à l’accueil du club de sport de votre quartier. Vous voulez commencer une activité sportive mais vous hésitez. Vous me posez des questions sur les sports proposés (horaires, prix, matériel, etc.)."
2026,mai,51,2,cmu71docc02a18iigmv8kl2vt,"Je travaille à l’accueil d’un musée. Vous souhaitez visiter ce musée avec des amis. Vous me posez des questions pour organiser votre visite (heures d’ouverture, prix, visites guidées, etc.)."
2026,mai,52,2,cmu71docc02a28iig5c3ptlw8,"Nous sommes collègues. Vous souhaitez partir en week-end et je vous conseille de visiter une ville que je connais bien. Vous me posez des questions sur cette ville (hébergements, restaurants, lieux à visiter, etc.)."
2026,mai,53,2,cmu71docd02a58iig92r97yzd,"Je propose une chambre à louer dans mon appartement. Vous avez vu mon annonce. Vous venez visiter l’appartement et vous me posez des questions (loyer, meubles, vie en commun, etc.)."
2026,mai,54,2,cmu71docd02a78iig2rheqcu0,"Je suis votre ami(e), je vous invite à la soirée d’ouverture d’un grand restaurant. Vous me posez des questions sur l’événement (tenue appropriée, menu proposé, déroulement de la soirée, etc.)."
2026,mai,55,2,cmu71docd02a98iigdl600g5t,"Je suis votre collègue. Je ne pourrai pas aller chercher mes parents à l’aéroport ce week-end. Vous me proposez de me rendre ce service et vous me demandez les informations nécessaires (dates, vol, description physique, etc.)."
2026,mai,56,2,cmu71docd02aa8iig7hptrrbv,"Je suis votre collègue. Vous avez lu mon annonce au travail : je revends mes meubles. Vous êtes intéressé(e) : vous me posez des questions (état, prix, taille, etc.)."
2026,mai,57,2,cmu71doce02ac8iig6vybmojf,"Je suis votre voisin(e). Vous venez d’emménager dans mon immeuble. Vous me posez des questions sur les activités du quartier (commerces, activités culturelles et sportives, etc.)."
2026,mai,58,2,cmu71doce02ae8iig61h1t4si,"Je suis employé(e) à l’accueil d’une école de musique. Vous voulez prendre des cours. Vous me posez des questions sur les services de l’école (cours, tarifs, horaires, instruments proposés, etc.)."
2026,mai,59,2,cmu71doce02ah8iigi5jpqdoe,"Je suis un(e) ami(e), je vis à Montréal. Vous venez d’arriver dans la ville et vous souhaitez vous déplacer à vélo. Vous me posez des questions sur l’utilisation du vélo à Montréal pour décider si c’est une bonne idée (pistes cyclables, agences de location, matériel, etc.)."
2026,mai,60,2,cmu71doce02aj8iig4bulebns,"Je suis un(e) ami(e). Vous voulez partir en week-end pour vous reposer. Demandez-moi des conseils (lieux, activités, transports, etc.)."
2026,mai,61,2,cmu71docf02al8iigb47ojrt3,"Je suis votre ami(e). J’ai immigré au Québec il y a deux ans. Vous êtes en train de faire les démarches d’immigration au Québec. Vous me posez des questions sur mon expérience (changements d’habitudes, vie quotidienne, adaptation au pays, etc.)."
2026,mai,62,2,cmu71docf02am8iigqc9gp7xy,"Je suis votre voisin(e). Je connais une personne qui fait des petits travaux chez les particuliers. Vous êtes intéressé(e). Vous me posez des questions sur cette personne (expérience, disponibilité, tarif, etc.)."
2026,mai,63,2,cmu71docf02ap8iighm604abw,"Je suis votre ami(e). J’étudie dans une université à Toronto. Vous allez commencer vos études dans cette université. Vous me posez des questions sur cet établissement (cours, équipements, logement, etc.)."
2026,mai,64,2,cmu71docf02ar8iig7fw2ugzz,"Je suis votre voisin(e). Je vais souvent nager à la piscine municipale. Vous êtes intéressé(e) par cette activité. Vous me posez des questions sur la piscine (équipements, horaires, tarifs, etc.)."
2026,mai,65,2,cmu71docf02as8iigjf8w3ivu,"Je suis votre voisin (e). J’organise une fête avec les habitants du quartier. Vous êtes intéressé(e). Vous me posez des questions sur l’organisation (date, repas, invités, etc.)."
2026,mai,66,2,cmu71docg02au8iig4a2rai92,"Je suis votre voisin(e). Vous venez d’emménager à Vancouver. Vous voulez savoir comment vous déplacer dans la ville. Vous me posez des questions sur les moyens de transport disponibles (types de transports, tarifs, horaires, etc.)."
2026,mai,67,2,cmu71docg02ax8iigjsegkq0l,"Je travaille dans une agence de voyages. Vous voulez partir en vacances au bord de la mer. Vous me posez des questions sur les offres (destinations, tarifs, activités, etc.)."
2026,mai,68,2,cmu71docg02az8iig76jjg2w9,"Je suis un(e) ami(e) francophone installé(e) ici depuis longtemps. Vous venez d’arriver dans ma ville. Vous me demandez des conseils pratiques pour votre installation (logement, démarches administratives, transports, commerces, loisirs, etc.)."
2026,mai,69,2,cmu71doch02b18iigqcj0mbo5,"Je suis un(e) ami(e) francophone. Vous voulez savoir comment cela se passe quand on tombe malade dans mon pays. Vous me posez des questions sur l’organisation des soins (médecins, hôpitaux, urgences médicales, etc.)."
2026,mai,70,2,cmu71doch02b38iigmfmz6s3b,"Je suis votre professeur(e) de français. Vous allez passer le prochain Nouvel An au Canada. Vous vous demandez comment les Canadiens célèbrent cette fête. Vous me posez des questions pour vous faire une idée (lieux, activités, plats, etc.)."
2026,mai,71,2,cmu71doch02b58iigkqa0f5yy,"Je suis votre professeur(e) de français. Vous souhaitez travailler au Canada cet été. Vous me demandez des conseils pour trouver un emploi (régions, activités, salaires, etc.)."
2026,mai,72,2,cmu71doch02b68iig87f67un4,"Je suis votre voisin(e) canadien(ne). Un de vos amis est végétarien, il doit faire un voyage d’affaires au Canada. Vous m’interrogez pour savoir si votre ami pourra se nourrir facilement au Canada ou pas (restaurants et cantines, achats, variété, prix, etc.)."
2026,mai,73,2,cmu71doch02b88iigv3m11aty,"Je suis un(e) ami(e), je vis au Québec depuis quelques mois. Vous m’interrogez sur ma vie au Québec (logement, activités, relations, etc.)."
2026,mai,74,2,cmu71doch02bb8iigiu7m6769,"Je suis un(e) collègue. Je voudrais changer de service. Vous me posez des questions pour comprendre pourquoi (activités, horaires, ambiance, etc.)."
2026,mai,75,2,cmu71dqs702bc8iigbppw6dyd,"Je travaille dans une agence de voyages. Vous avez participé à un concours, vous avez gagné un voyage. Vous devez choisir votre destination : Montréal, Dakar, Bruxelles ou Hanoï. Vous me posez des questions sur ces quatre villes (météo, activités, niveau de vie, etc.) pour faire votre choix."
2026,mai,76,2,cmu71dqs802bf8iigl1mg1an5,"J’ai passé une annonce, je cherche quelqu’un pour accompagner mes enfants à l’école. Vous avez répondu à l’annonce et nous avons rendez-vous. Vous m’interrogez pour comprendre ce que vous devrez faire (horaires, école, tâches, etc.)."
2026,mai,77,2,cmu71dqs802bg8iigwqmeyqrk,"J’organise un festival de cinéma francophone. Vous êtes en vacances dans ma ville où nous nous sommes rencontrés. Vous me posez des questions sur ce festival pour décider si vous y viendrez (dates, horaires, programme, prix, etc.)."
2026,mai,78,2,cmu71dqs902bj8iigh1t40hh4,"Je suis un(e) ami(e). Vous recherchez un emploi et vous avez un entretien professionnel la semaine prochaine. Vous me demandez des conseils pour bien vous préparer (attitude, tenue, préparation, etc.)."
2026,mai,79,2,cmu71dqs902bk8iig03kzhbto,"Je suis votre voisin(e). Je pars en vacances et je vous propose de garder mon animal de compagnie. Vous me posez des questions pour savoir si vous pouvez accepter (dates, habitudes, consignes, etc.)."
2026,mai,80,2,cmu71dqs902bn8iigp8xsbprl,"Je travaille dans un office de tourisme. Vous souhaitez partir en week-end sans trop dépenser. Vous me demandez des conseils (destinations, activités, transports, etc.)."
2026,mai,81,2,cmu71dqsa02bo8iigqv6qofld,"Je travaille à l’accueil d’un club sportif de votre ville. Vous souhaitez pratiquer un sport. Vous me posez des questions pour faire votre choix (activités, horaires, tarifs, etc.)."
2026,mai,82,2,cmu71dqsa02bq8iigs1fo9ix2,"Nous sommes amis. Vous souhaitez vous installer au Canada. J’habite en colocation à Toronto et je vous propose de partager mon logement. Vous me posez des questions pour décider si cette colocation vous convient (logement, quartier, mode de vie, etc.)."
2026,mai,83,2,cmu71dqsa02bs8iigi0wca88o,"Je suis employé(e) dans une école de langue, je travaille à l’accueil. Vous voulez faire un stage de formation en français. Vous me posez des questions pour choisir votre stage (choix, durée, tarifs, etc.)."
2026,mai,84,2,cmu71dqsb02bv8iigkyao4wgz,"Je suis employé(e) à l’accueil d’une billetterie de spectacles. Vous êtes en vacances au Canada. Vous souhaitez aller voir un spectacle. Vous me posez des questions pour faire votre choix (types de spectacles, horaires, prix, etc.)."
2026,mai,85,2,cmu71dqsb02bx8iigy9kh63sv,"Je suis un(e) ami(e) français(e) ; je reviens d’un séjour sportif. Vous trouvez que c’est une très bonne idée, vous aimeriez faire la même chose. Vous me posez des questions sur ce séjour (lieu, activités, tarifs, etc.)."
2026,mai,86,2,cmu71dqsb02by8iig1p9dkfbd,"Je suis un(e) ami(e). Je travaille dans une entreprise canadienne. Vous souhaitez travailler au Canada. Vous m’interrogez sur mon expérience (formation, activités, relations, conditions de travail, etc.)."
2026,mai,87,2,cmu71dqsc02c08iig66f8ksb7,"Je suis un(e) ami(e). Vous voulez vous installer dans ma ville. Vous cherchez un endroit agréable à vivre dans un quartier de la ville. Vous me posez des questions pour en choisir un qui peut vous plaire (lieux, prix, services, etc.)."
2026,mai,88,2,cmu71dqsc02c38iighultigrp,"Je suis agent(e) de voyage. Vous souhaitez partir en vacances au Québec. Vous me demandez des renseignements (tarifs, lieux, type de séjour, etc.)."
2026,mai,89,2,cmu71dqsc02c48iiggrf1sknd,"Je suis un(e) ami(e) et je vis à Montréal. Vous venez d’arriver dans la ville et vous souhaitez vous déplacer à vélo. Vous me posez des questions sur ce moyen de transport (pistes cyclables, agences de location, matériel, etc.)."
2026,mai,90,2,cmu71dqsc02c68iigxly0qoav,"Je suis votre collègue de bureau. Je recherche une baby-sitter pour garder mes enfants. Je vous demande si vous connaissez quelqu’un dans votre entourage. Vous me posez des questions sur mes exigences, le salaire, les horaires et les tâches à faire."
2026,mai,91,2,cmu71dqsc02c88iigm53abgml,"Je suis votre voisin(e). Vous venez d’emménager, vous connaissez mal le quartier. Vous me posez des questions pour mieux le connaître (services, magasins, ambiance, etc.)."
2026,mai,92,2,cmu71dqsd02cb8iigoopdbipe,"Je travaille pour une entreprise, vous souhaitez faire des travaux dans votre logement. Vous me posez des questions (tarifs, durée, bruits, garantie, services, etc.)."
2026,mai,93,2,cmu71dqsd02cd8iigtp4m86p6,"Je suis votre ami(e). Je viens de rejoindre le nouveau centre sportif de notre ville. Vous êtes intéressé(e). Vous me posez des questions (horaires, tarifs, sports proposés, etc.)."
2026,mai,94,2,cmu71dqsd02ce8iigcnsa81qx,"Je suis votre voisin(e). Je participe souvent à des sorties culturelles de la mairie. Vous êtes intéressé(e). Vous me posez des questions (lieux, dates, activités, etc.)."
2026,mai,95,2,cmu71dqsd02ch8iig21zvwx18,"Je suis votre voisin(e). Vous venez d’arriver dans l’immeuble. Vous cherchez des infos sur le quartier. Vous me posez des questions (écoles, loisirs, commerces, etc.)."
2026,mai,96,2,cmu71dqsd02cj8iigdhee1mh8,"Je travaille dans une agence de location de voitures. Vous voulez en louer une pour vos vacances. Vous me posez des questions (prix, modèles, assurance, etc.)."
2026,mai,97,2,cmu71dqse02ck8iigx9ltmux1,"Je travaille dans une école de langues. Vous voulez apprendre une langue étrangère. Vous me posez des questions (cours, professeurs, prix, etc.)."
2026,mai,98,2,cmu71dqse02cm8iigt3qi2c6j,"Je travaille dans une agence immobilière. Vous êtes à la recherche d’un logement et vous souhaitez en savoir plus sur les offres disponibles. Vous me posez des questions sur les types de biens, les tarifs et les quartiers proposés."
2026,mai,99,2,cmu71dqse02co8iiglchkgddb,"Je suis votre voisin(e). Je vais bientôt participer à une course à pied à Vancouver. Vous êtes intéressé(e) par cet événement et vous me posez des questions sur l’inscription, l’entraînement et l’organisation de la course."
2026,mai,100,2,cmu71dqse02cr8iiggselt6yw,"Je suis votre collègue. Vous prévoyez de partir en vacances dans une région que je connais bien. Vous me posez des questions pour obtenir des informations sur les activités, les lieux à visiter et le climat de cette région."
2026,mai,101,2,cmu71dqse02cs8iigqop4pvmu,"Je suis votre ami(e). J’organise une fête pour mon anniversaire. Vous souhaitez m’aider à la préparer et vous me posez des questions sur l’organisation : le repas, la décoration, les invités, etc."
2026,mai,102,2,cmu71dqse02cv8iigsmwywo7h,"Je suis votre ami(e). J’ai récemment mangé dans un nouveau restaurant à Ottawa. Vous aimeriez y aller et vous me posez des questions sur la carte, les prix et mon avis sur ce restaurant."
2026,mai,103,2,cmu71dqsf02cx8iiguv2zkk8w,"Je suis employé(e) dans une salle de sport, je travaille à l’accueil. Vous allez dans cette salle de sport pour vous renseigner sur les activités proposées, les tarifs, les horaires et jours d’ouverture. Demandez-moi des informations."
2026,mai,104,2,cmu71dqsf02cz8iigcru8b1ff,"Je suis un(e) ami(e) installé(e) au Québec depuis longtemps. Vous venez d’arriver dans ma ville. Vous me demandez des conseils pratiques pour votre installation (logement, démarches administratives, transports, commerces, loisirs, etc.)."
2026,mai,105,2,cmu71dqsf02d08iigi6ur38vc,"Je suis un(e) marchand(e) de journaux. Vous voulez lire la presse francophone. Vous me demandez des conseils pour choisir une lecture intéressante (thème, prix, niveau de langue, etc.)."
2026,mai,106,2,cmu71dqsf02d28iig2uprwu3i,"Je suis votre enseignant(e) de français. Vous vous interrogez sur la possibilité d’aller étudier à l’étranger. Posez-moi des questions à ce sujet."
2026,mai,107,2,cmu71dqsg02d58iigwd8nfwns,"Je vends ma voiture, j’ai mis une annonce en ligne. Vous souhaitez acheter une voiture. Vous m’avez contacté(e) et nous nous rencontrons pour la première fois. Vous me posez des questions sur la voiture que je vends (âge, état, prix, etc.)."
2026,mai,108,2,cmu71dqsg02d68iig1nvn3mya,"Je suis votre collègue. Je suis parti(e) quelques jours dans une région du Canada. Vous me posez des questions sur mon séjour (lieux, hébergement, type d’activités, etc.)."
2026,mai,109,2,cmu71dqsg02d98iig4y0zjpc2,"Je suis votre collègue. Vous venez de vous installer au Canada. Vous me posez des questions pour savoir comment les gens se soignent au Canada (médecins, hôpitaux, congés maladie, médicaments, etc.)."
2026,mai,110,2,cmu71dqsg02db8iigaluwz1qn,"Je travaille dans un office du tourisme. Vous souhaitez visiter un parc à thème (aquarium, zoo, réserve naturelle). Vous me posez des questions pour obtenir des informations (horaires d’ouverture, tarifs, restauration, etc.)."
2026,mai,111,2,cmu71dqsh02dd8iigpgz6t9x1,"Je travaille dans une agence touristique au Canada. Vous souhaitez faire une croisière. Vous me posez des questions pour obtenir des informations (tarifs, durée, activité(s) proposée(s), etc.)."
2026,mai,112,2,cmu71dqsh02de8iigkon5n45b,"Vous visitez un appartement à louer. Je suis l’ancien(ne) locataire. Vous me posez des questions sur l’immeuble, les voisins, le gardien, le quartier, etc."
2026,mai,113,2,cmu71dqsh02dg8iigqn3rscgm,"Je suis le (la) secrétaire de votre médecin. Celui-ci est en congés. Vous me questionnez sur son remplacement (médecin, horaires, durée, etc.)."
2026,mai,114,2,cmu71dqsh02dj8iig4x3tql78,"Je suis un(e) ami(e) ; je viens d’être recruté(e) par une entreprise de la région de Toronto. Vous me posez des questions sur mon nouveau travail (activités, collègues, locaux, avantages, etc.)."
2026,mai,115,2,cmu71dqsi02dl8iigxu0qwfll,"Je suis un(e) ami(e), j’ai un blog depuis longtemps. Vous voulez écrire sur un blog lors de votre prochain voyage au Canada. Vous me demandez des conseils (types de contenus, rythme de publication, rubriques, etc.)."
2026,mai,116,2,cmu71dqsi02dm8iigfo00zyx9,"Je suis votre ami(e). Vous souhaitez organiser un voyage au Canada pour l’anniversaire de votre conjoint(e). Vous me demandez des conseils (destination, prix, idées, etc.)."
2026,mai,117,2,cmu71dqsi02dp8iigoonsbyhy,"Vous déménagez au Canada. Vous voulez louer un appartement en colocation. Je vous propose le mien. Posez-moi des questions pour savoir comment se passera cette colocation (prix, espaces, colocataires, etc.)."
2026,mai,118,2,cmu71dqsi02dq8iigydmnseav,"Je suis votre ami(e). Hier, je suis allé(e) au cinéma voir un film. Vous voulez en savoir plus, vous me posez des questions (titre, acteurs, type de film, histoire, etc.)."
2026,mai,119,2,cmu71dqsi02ds8iigstlqrch6,"Je suis votre ami(e). Je rentre d’un voyage de deux semaines au Québec. Vous allez bientôt partir au Québec. Vous me posez des questions sur mon voyage pour avoir des conseils pratiques (les transports, la restauration, le climat, les habitants, les prix, etc.)."
2026,mai,120,2,cmu71dqsi02dv8iig9ufwkdes,"Je suis votre ami(e). Je viens de réserver un séjour à la montagne. Vous êtes intéressé(e). Vous voulez en savoir plus. Vous me posez des questions sur les détails du séjour (saison, activités, logement, prix, etc.)."
2026,mai,121,2,cmu71dqsi02dw8iig1ssgqgjn,"Je suis votre collègue de travail. Je viens d’avoir un léger accident. Vous me rendez visite et vous me posez des questions sur ce qui m’est arrivé (lieu, moment, contexte, etc.)."
2026,mai,122,2,cmu71dqsj02dz8iigmh6qt3fs,"Vous arrivez au Québec et vous cherchez un appartement. Vous me posez des questions pour trouver un appartement (démarches, quartier, type de logement, etc.)."
2026,mai,123,2,cmu71dqsj02e08iig2hz18yfu,"Je suis un(e) de vos collègues. Vous êtes nouveau (nouvelle) dans l’entreprise. Vous me posez des questions pour obtenir des informations sur l’entreprise (organisation du travail, collègues, restauration, etc.)."
2026,mai,124,2,cmu71dqsj02e38iigdsnjzmn0,"Je suis votre ami(e) et je vous invite à une fête. Vous venez d’emménager au Québec et c’est la première fois que vous participez à une fête ici. Vous me posez des questions sur cet évènement (horaires, cadeaux à apporter, tenue vestimentaire, etc.)."
2026,mai,125,2,cmu71dqsj02e58iighv1m3u4n,"Je travaille à l’accueil du club de sport de votre quartier. Vous voulez faire du sport mais vous ne savez pas quel sport choisir. Vous me posez des questions sur les activités sportives proposées (horaires, tarifs, équipements, etc.)."
2026,mai,126,2,cmu71dqsj02e78iigaw2zvuaw,"Je travaille à l’accueil d’un musée. Vous voulez visiter ce musée avec des amis. Vous me posez des questions pour préparer votre visite (horaires, tarifs, visites guidées, etc.)."
2026,mai,127,2,cmu71dqsj02e88iigdbhijxmz,"Nous sommes collègues. Vous voulez partir en week-end, je vous propose de visiter une ville que je connais bien. Vous me posez des questions sur cette ville (hébergements, restaurants, visites, etc.)."
2026,mai,128,2,cmu71dqsk02ea8iigs1zl07wg,"Je suis parent d’élève. Nos enfants vont à la même école. Vous allez participer à la fête de l’école pour la première fois. Vous me posez des questions sur l’événement (horaires, programme, animations, etc.)."
2026,mai,129,2,cmu71dqsk02ed8iigty0epydg,"Je suis votre ami(e). J’habite dans une grande ville. Vous voulez louer un logement dans cette ville. Vous me posez des questions à ce sujet (offres, prix, quartier, etc.)."
2026,mai,130,2,cmu71dqsk02ef8iigw36c3s9t,"Je travaille dans un club sportif. Vous voulez vous inscrire à un cours de sport. Vous me posez des questions pour obtenir des informations et faire votre choix (sports proposés, horaires, tarifs, etc.)."
2026,mai,131,2,cmu71dqsk02eg8iigu702v0tj,"Je travaille dans une agence de voyages. Vous cherchez une destination de vacances. Vous me posez des questions pour obtenir des informations et faire votre choix (prix, lieu, activités, etc.)."
2026,mai,132,2,cmu71dqsk02ej8iig83vf46hm,"Je travaille à la ludothèque de votre ville (espace où vous pouvez emprunter des jeux). Vous souhaitez vous inscrire. Vous me posez des questions sur la ludothèque (horaires, tarifs, types de jeux, etc.)."
2026,mai,133,2,cmu71dqsl02el8iigz0jb2glz,"Je suis votre ami(e). Je veux vendre ma maison. Vous cherchez à en acheter une. Vous me posez des questions pour obtenir des informations sur cette maison (nombre de pièces, équipements, prix, etc.)."
2026,mai,134,2,cmu71dqsl02en8iig8cxht56r,"Je suis votre ami(e). J’ai fait une croisière en bateau. Vous rêvez d’en faire une. Vous me posez des questions pour avoir des informations sur la croisière que j’ai faite (tarifs, activités, services, etc.)."
2026,mai,135,2,cmu71dqsl02eo8iigmc96dpgt,"Je suis votre voisin(e). Je donne des cours de cuisine à des particuliers. Vous êtes intéressé(e). Vous me posez des questions pour savoir comment cela se passe (tarifs, plats, participants, etc.)."
2026,mai,136,2,cmu71dqsl02eq8iighmz9t78a,"Je travaille dans un restaurant. Vous souhaitez organiser un repas d’anniversaire pour votre meilleur(e) ami(e). Vous me posez des questions sur les services du restaurant (menus, prix, disponibilités, etc.)."
2026,mai,137,2,cmu71dqsl02et8iigggoanfha,"Nous sommes collègues de travail. Je vends un stock de vêtements d’occasion pour enfants. Vous êtes intéressé(e). Vous me posez des questions sur ces vêtements (taille, prix, quantité, etc.)."
2026,mai,138,2,cmu71dqsl02eu8iig70mgpj53,"Je suis votre collègue. J’organise des séances de yoga pour les employé(e)s de l’entreprise. Vous êtes intéressé(e). Vous me posez des questions pour obtenir des informations (lieux, horaires, équipements, etc.)."
2026,mai,139,2,cmu71dqsm02ex8iigxzw0ezg5,"Je suis votre voisin(e). Je prends des cours de photographie dans l’association du quartier. Vous êtes intéressé(e). Vous me posez des questions sur le cours (prix, horaires, matériel, etc.)."
2026,mai,140,2,cmu71dqsm02ez8iig2dz7zvm2,"Je travaille à l’accueil du nouveau centre culturel de votre ville. Vous êtes intéressé(e). Vous me posez des questions sur les activités proposées par le centre (horaires, prix, etc.)."
2026,mai,141,2,cmu71dqsm02f08iiggoj34six,"Je travaille à l’office de tourisme de votre lieu de vacances. Vous me posez des questions sur les activités à faire dans la région (parcs, musées, restaurants, etc.)."
2026,mai,142,2,cmu71dqsm02f28iignzzwk74a,"Vous êtes mon ami(e). Vous allez m’aider à déménager dans mon nouveau logement. Vous me posez des questions sur l’organisation de la journée (lieu, date, participants, etc.)."
2026,mai,143,2,cmu71dqsm02f48iigpfovxjq1,"Je suis votre collègue. Je cherche un(e) partenaire pour faire du sport. Vous êtes intéressé(e). Vous me posez des questions sur mon activité sportive (type d’activité, horaires, niveau, etc.)"
2026,mai,144,2,cmu71dqsm02f68iigvy54gtah,"Je suis votre voisin(e) et nos enfants sont amis. Je vous propose d’emmener votre enfant en vacances avec ma famille. Vous me posez des questions avant d’accepter (lieu, dates, activités prévues, etc.)."
2026,mai,145,2,cmu71dqsn02f98iigdn6jmg1t,"Je suis votre voisin(e). Je suis bénévole dans une association qui protège l’environnement. Vous souhaitez participer aux activités de cette association. Vous me posez des questions pour obtenir des informations (types d’activités, horaires, autres participants, etc.)."
2026,mai,146,2,cmu71dqsn02fb8iigozoxhedk,"Je travaille dans une agence de voyages. L’agence organise des excursions à la journée. Vous êtes intéressé(e). Vous me posez des questions sur les journées proposées (lieux visités, prix, organisation, etc.)."
2026,mai,147,2,cmu71dqsn02fc8iig410bog2g,"Je travaille à l’accueil d’un musée. Vous voulez organiser une sortie familiale. Vous me posez des questions pour obtenir des informations utiles sur le musée (expositions, prix, horaires, etc.)."
2026,mai,148,2,cmu71dqsn02fe8iig6ap33tjf,"Je travaille dans un restaurant. Vous voulez organiser un repas d’anniversaire pour votre meilleur(e) ami(e). Posez-moi des questions sur les services du restaurant (menus, prix, disponibilités, etc.)"
2026,mai,149,2,cmu71dqsn02fh8iig8l4ke2tk,"Nous sommes collègues de travail. Je vends un stock de vêtements d’occasion pour les enfants.  Vous êtes intéressé(e). Posez-moi des questions sur ces vêtements (taille, prix, quantité, etc.)"
2026,mai,150,2,cmu71dqsn02fj8iig5951fmvz,"Je suis votre voisin(e). Je donne des cours de cuisine. Vous êtes intéressé(e). Posez-moi des questions pour savoir comment cela se passe (tarifs, plats, participants, etc)."
2026,mai,151,2,cmu71dqso02fl8iigaelw0281,"Je suis votre ami(e). J’ai fait une croisière en bateau. Vous voulez en faire une. Posez-moi des questions pour avoir des informations sur la croisière (tarifs, activités, services, etc.)."
2026,mai,152,2,cmu71dqso02fm8iigl95bxo1w,"Je suis votre ami(e). Je veux vendre ma maison. Vous cherchez à en acheter une. Posez-moi des questions pour obtenir des informations (nombre de pièces, équipements, prix, etc.)."
2026,mai,153,2,cmu71dqso02fo8iigolwve3dr,"Je suis votre ami(e), je suis parti(e) en vacances à la mer l’année dernière. Vous êtes intéressé(e). Vous me demandez des conseils (activités, prix, hébergement, etc.) pour organiser votre voyage."
2026,mai,154,2,cmu71dqso02fq8iigqs5y7zdy,"Je suis votre collègue. Je prends des cours de danse dans une association. Vous êtes intéressé(e). Vous me posez des questions sur ces cours (type de danse, lieu, horaires, etc.)."
2026,mai,155,2,cmu71dqso02ft8iiggj1w4qml,"Je suis votre collègue. J’organise une fête pour ma nomination à un poste de responsable. Vous me posez des questions pour obtenir des informations (horaires, lieu, invités, etc.)."
2026,mai,156,2,cmu71dqsp02fv8iigzgcctpzn,"Je suis votre voisin(e). Vous avez accepté de garder mon enfant une journée pour me rendre service. Vous me demandez des informations sur mon enfant (activités préférées, habitudes, repas, etc.)."
2026,mai,157,2,cmu71dqsp02fx8iigw3uolqij,"Je travaille à l’accueil de l’office de tourisme. Vous souhaitez visiter la ville avec des amis. Vous me posez des questions sur les choix possibles (type d’activités, tarifs, horaires, etc.)."
2026,mai,158,2,cmu71dqsp02fy8iig1tft22yr,"Je suis votre ami(e). Je cherche une personne pour garder mon animal pendant mes vacances. Vous me posez des questions pour obtenir des informations (dates, activités, soins, etc.)."
2026,mai,159,2,cmu71dqsp02g18iig7so8n1gy,"Je suis votre ami(e). J’emploie un(e) baby-sitter toutes les semaines. Vous cherchez quelqu’un pour garder votre enfant. Vous me posez des questions sur mon/ma baby-sitter (disponibilité, tarifs, activités avec les enfants, etc.)."
2026,mai,160,2,cmu71dqsp02g38iigzy5chz54,"Je suis votre voisin(e). Je travaille dans une agence qui organise des randonnées dans la forêt autour de Toronto. Vous êtes intéressé(e) et vous me posez des questions sur cette activité (circuits, tarifs, participants, etc.)"
2026,mai,161,2,cmu71dqsp02g48iigpfrayyct,"Je suis votre voisin(e). Vous venez de vous installer dans l’immeuble. Vous me posez des questions sur l’organisation de l’immeuble (habitants, règles de vie, équipements, etc.)."
2026,mai,162,2,cmu71dqsq02g68iigyj7muvvj,"Je travaille dans une association franco-canadienne. Vous souhaitez vous installer au Canada. Vous me posez des questions pour savoir comment vivent les Canadiens (travail, loisirs, logement, etc.)."
2026,mai,163,2,cmu71dqsq02g98iigji9ch652,"Je suis votre ami(e). Je vais déménager le week-end prochain. Vous allez participer au déménagement et vous me posez des questions sur l’organisation de la journée (horaires, adresse, transport, etc.)."
2026,mai,164,2,cmu71dqsq02ga8iig9usog2cv,"Je suis votre ami(e). J’utilise souvent un site Internet qui propose des sorties en groupe. Vous êtes intéressé(e) et vous me posez des questions pour obtenir des informations (inscription, participants, activités, etc.)."
2026,mai,165,2,cmu71dqsr02gd8iignugeio8w,"Je suis votre ami(e). Vous voulez offrir un cadeau à mon enfant pour son anniversaire. Vous me posez des questions pour savoir quel cadeau lui offrir (jeux, habitudes, goûts, etc.)."
2026,mai,166,2,cmu71dqsr02gf8iigqrubje8b,"Je travaille dans un restaurant. Vous voulez organiser un dîner avec vos collègues. Vous me posez des questions sur le restaurant (menu, tarifs, ambiance, etc.)."
2026,mai,167,2,cmu71dqsr02gh8iigym5h2zzx,"Je travaille dans une agence immobilière au Canada. Vous cherchez un logement. Vous me posez des questions pour avoir des informations (prix, conditions, démarches, etc.)."
2026,mai,168,2,cmu71dqsr02gi8iigwe6o029a,"Je suis un(e) de vos collègues. Vous êtes nouveau (nouvelle) dans l’entreprise. Vous me posez des questions pour obtenir des informations sur l’entreprise (organisation du travail, collègues, restauration, etc.)."
2026,mai,169,2,cmu71dqsr02gl8iigcf6vh72y,"Je suis votre ami(e) et je vous invite à une fête. Vous venez d’emménager au Québec et c’est la première fois que vous participez à une fête ici. Vous me posez des questions sur cet événement (horaires, cadeaux à apporter, tenue vestimentaire, etc.)."
2026,mai,170,2,cmu71dqsr02gm8iigiex0pjmv,"Je travaille à l’accueil du club de sport de votre quartier. Vous voulez faire du sport mais vous ne savez pas quel sport choisir. Vous me posez des questions sur les activités sportives proposées (horaires, tarifs, équipements, etc.)."
2026,mai,171,2,cmu71dqss02gp8iig7u44lnfs,"Je travaille à l’accueil d’un musée. Vous voulez visiter ce musée avec des amis. Vous me posez des questions pour préparer votre visite (horaires, tarifs, visites guidées, etc.)."
2026,mai,172,2,cmu71dqss02gr8iig0c5crcaw,"Nous sommes collègues. Vous voulez partir en week-end, je vous propose de visiter une ville que je connais bien. Vous me posez des questions sur cette ville (hébergements, restaurants, visites, etc.)."
2026,mai,173,2,cmu71dqss02gt8iig23y8mwsc,"Je suis votre collègue. Je fais partie d’un club de jeux de société. Vous êtes intéressé(e). Vous me posez des questions pour obtenir des informations (lieu, horaires, tarifs, etc.)."
2026,mai,174,2,cmu71dqss02gu8iig228ygrsv,"Je suis votre collègue. J’organise une fête pour mon départ en retraite. Je vous ai invité(e). Vous me posez des questions (date, lieu, invités, etc.)."
2026,mai,175,2,cmu71dqst02gx8iigoyhzaps8,"Je suis votre voisin(e). J’organise des cours de jardinage. Vous êtes intéressé(e). Vous me posez des questions pour avoir des informations (prix, organisation, activités, etc.)."
2026,mai,176,2,cmu71dqst02gy8iigefo96awi,"Je travaille à la bibliothèque. Vous avez besoin de documents. Vous me posez des questions sur la façon d’emprunter ces documents (nombre, durée, tarifs, etc.)."
2026,mai,177,2,cmu71dqst02h18iignsyjwivr,"Je travaille à l’accueil de la piscine de votre quartier. Vous voulez prendre des cours de natation. Vous me posez des questions (horaires, tarifs, conditions d’accès, etc.)."
2026,mai,178,2,cmu71dqst02h38iigp69jrdeh,"Dans le cadre de vos cours de français, vous faites une enquête sur les activités d’un Québécois pendant le week-end. Je vais jouer le rôle de ce Québécois et vous celui de l’enquêteur. Vous me posez des questions (quoi, où, quand, etc.)."
2026,mai,179,2,cmu71dqsu02h58iig57186lf9,"Je suis employé à un office de tourisme. Vous venez d’arriver dans ma ville. Vous entrez dans l’office de tourisme. Vous demandez des informations sur les activités touristiques (monuments, musées, horaires d’ouverture, tarifs des visites, etc.)."
2026,mai,180,2,cmu71dqsu02h78iigxul9gnwu,"Je suis un(e) de vos collègues, je fais régulièrement du sport dans une salle proche de notre entreprise. Cela vous intéresse. Vous me posez des questions sur la salle (activités sportives proposées, tarifs, horaires, etc.)."
2026,mai,181,2,cmu71dqsu02h98iigkjnyvq68,"Je suis un de vos collègues. Je connais bien Montréal. Vous allez bientôt y passer une semaine dans le cadre d’un séjour professionnel. Vous m’interrogez sur les possibilités de logement sur place pour un court séjour (type de logement, prix, confort, etc.)."
2026,mai,182,2,cmu71dqsu02hb8iigsth1ath6,"Je suis votre ami francophone. Vous vivez dans ma ville. Vous vous êtes fait voler votre sac avec vos clés et vos papiers. Vous me demandez des conseils sur ce que vous devez faire."
2026,mai,183,2,cmu71dqsu02hd8iig83m37mac,"Je suis employé(e) dans une bibliothèque. Ma bibliothèque organise un jeu ouvert au public. Vous m’interrogez sur ce jeu."
2026,mai,184,2,cmu71dqsv02hf8iiga5it7mn0,"Dans le cadre de vos cours de français, vous faites une enquête sur les activités d’un jeune étudiant d’un pays francophone. Vous jouez le rôle de l’enquêteur et posez des questions (quoi, où, quand, etc.)."
2026,mai,185,2,cmu71dqsv02hg8iigfk967044,"Je suis un(e) ami(e) canadien(ne). Je fais une activité artistique (théâtre, danse, musique, etc.). Vous souhaitez faire la même activité et vous me posez des questions."
2026,mai,186,2,cmu71dqsv02hi8iig984lbfwb,"Je suis un(e) ami(e) francophone. Vous souhaitez vous installer dans ma ville. Vous me demandez des conseils pour trouver un logement."
2026,mai,187,2,cmu71dqsv02hk8iig34skw4y9,"Je suis un(e) de vos amis francophones. Vous recherchez une destination de voyage. Vous voulez savoir quels pays j’ai visités. Vous me posez des questions sur ces pays."
2026,mai,188,2,cmu71dqsv02hn8iigb3neg521,"Je suis un(e) ami(e). Vous cherchez un emploi. Vous allez à un entretien professionnel la semaine prochaine. Demandez-moi des conseils pour réussir votre entretien (comportement, vêtements, préparatifs, etc.)."
2026,mai,189,2,cmu71dqsv02ho8iigteg6bs65,"Je suis votre voisin(e). Je pars en vacances. J’aimerais que vous vous occupiez de mon animal de compagnie pendant mon absence. Vous me posez des questions pour décider si vous allez accepter (dates, habitudes de l’animal, règles, etc.)."
2026,mai,190,2,cmu71dqsw02hr8iigxnn72hgb,"Je travaille dans un office de tourisme. Vous voulez partir en week-end mais vous ne voulez pas dépenser beaucoup d’argent. Demandez-moi des conseils (lieux, activités, transports, etc.)."
2026,mai,191,2,cmu71dqsw02ht8iigcad9p6g4,"Je travaille à l’accueil d’un club sportif de votre ville. Vous voulez faire du sport. Vous me posez des questions pour décider si vous allez vous inscrire (cours, tarifs, horaires, etc.)."
2026,mai,192,2,cmu71dqsw02hu8iighc0m7buh,"Nous sommes amis. Vous voulez vous installer au Canada. J’habite dans un appartement en colocation à Toronto, je vous propose de partager mon appartement. Vous me posez des questions pour décider si vous allez accepter (appartement, quartier, habitudes de vie, etc.)."
2026,mai,193,2,cmu71dqsw02hw8iiglth5v6e5,"Je suis votre ami(e) francophone. Vous devez rédiger un article sur un film pour la revue de votre association culturelle et vous me demandez quels films je préfère (type, endroit, coût, etc.)."
2026,mai,194,2,cmu71dqsx02hz8iigie5vh7lk,"Je travaille dans une agence de voyages. Vous souhaitez organiser un voyage touristique et vous venez me demander des détails sur les destinations (lieux à visiter, activités, prix, etc.)."
2026,mai,195,2,cmu71dqsx02i08iigsvltio9j,"Je suis votre voisin(e). Vous voulez préparer une fête de quartier et vous me demandez des idées pour l’organisation (invités, nourriture, musique, etc.)."
2026,mai,196,2,cmu71dqsx02i28iiggjghldkq,"Je suis votre voisin(e). Vous venez d’emménager et vous ne connaissez personne dans la ville. Vous me demandez des idées pour rencontrer de nouvelles personnes."
2026,mai,197,2,cmu71dqsy02i58iigowk6ckpy,"Vous voulez connaître le rythme du travail au Canada. Posez-moi des questions sur les horaires et les jours de congé, et comparez-les avec votre pays."
2026,juin,1,2,cmu71dqsy02i78iig5z3lhxa9,"Je suis votre collègue. J’organise des courses à pied en groupe. Vous êtes intéressé(e). Vous me posez des questions pour obtenir des informations (lieux, horaires, équipements, etc.)."
2026,juin,2,2,cmu71dqsy02i98iigjeblwo57,"Je travaille au service des loisirs de la ville où vous venez d’emménager. Vous souhaitez commencer une activité pour rencontrer de nouvelles personnes. Vous me posez des questions sur les différentes possibilités (type d’activités, horaires, public, etc.)."
2026,juin,3,2,cmu71dqsy02ib8iigxip5i731,"Je travaille dans un restaurant. Vous souhaitez fêter un anniversaire avec toute votre famille dans ce restaurant. Vous me posez des questions sur l’organisation (nombre de personnes, menus proposés, prix, etc.)."
2026,juin,4,2,cmu71dqsz02id8iig3c6v3n23,"Je travaille dans une boutique de téléphonie mobile. Vous souhaitez acheter un premier téléphone à un enfant. Vous me posez des questions sur les différentes formules (type de téléphone, accessoires, tarifs, etc.)."
2026,juin,5,2,cmu71dqsz02ie8iig48bbbpvy,"Je travaille à l’accueil d’un parc d’attractions. Vous souhaitez visiter ce parc. Vous me posez des questions sur ce lieu (tarifs, horaires, activités, etc.)."
2026,juin,6,2,cmu71dqt002ig8iigg3hcpcmp,"Je suis votre ami(e). Je souhaite organiser une sortie en famille dimanche prochain. Vous voulez m’aider et vous me posez des questions pour préparer cette sortie (lieu, activités, budget, transports, etc.)."
2026,juin,7,2,cmu71dqt002ij8iig7yqgeigw,"Je suis votre ami(e) et je vis au Canada. Vous allez bientôt vous y installer. Vous me posez des questions sur les transports (types de moyens, prix, fréquence, rapidité, etc.)."
2026,juin,8,2,cmu71dqt002ik8iig155etg28,"Je suis votre voisin(e). J’ai affiché une annonce dans l’immeuble pour vendre un meuble. Vous êtes intéressé(e) et vous me posez des questions pour obtenir des informations (état, prix, livraison, date, etc.)."
2026,juin,9,2,cmu71dqt102im8iigntw02xpn,"Vous venez d’arriver au Canada. Je suis un(e) ami(e) et je vous héberge temporairement. Vous me demandez des conseils pour chercher et louer un appartement (loyer, quartiers, démarches, etc.)."
2026,juin,10,2,cmu71dqt102ip8iigawgo38q4,"Vous séjournez à l’hôtel pour quelques jours. Je travaille à l’accueil. Vous me posez des questions pour organiser votre séjour (petit-déjeuner, Internet, transports, activités, etc.)."
2026,juin,11,2,cmu71dqt102ir8iig1us22z3s,"Je suis un(e) employé(e) de la mairie de votre ville. Vous souhaitez organiser votre anniversaire et vous voulez louer la salle des fêtes de la mairie. Vous me posez des questions sur la salle (réservation, tarifs, matériel, etc.)."
2026,juin,12,2,cmu71dqt102it8iigpd7mp2p3,"Je suis votre ami(e). Je suis membre d’une association québécoise qui aide les personnes âgées vivant seules. Cette association vous intéresse. Vous me posez des questions pour vous informer (les membres, les actions menées, le public cible, le financement, etc.)."
2026,juin,13,2,cmu71dqt202iu8iigo12b5ibd,"Je suis votre voisin(e), je veux vous inviter à une fête organisée pour les habitants de l’immeuble. Vous venez d’emménager dans l’immeuble. Vous me posez des questions pour mieux connaître l’événement (horaires, préparation, lieu, etc.)."
2026,juin,14,2,cmu71dqt202ix8iig3vnh375s,"Nous sommes ami(e)s. Je vous prête mon logement pour les vacances. Vous me posez des questions concernant votre séjour (équipement, activités à proximité, tâches à effectuer, etc.)."
2026,juin,15,2,cmu71dqt202iy8iignz6mcxml,"Vous venez d’arriver au Québec. Vous cherchez un logement. Je cherche un colocataire. Vous êtes intéressé(e). Vous me posez des questions sur l’appartement (superficie, quartier, loyer...) et les règles à respecter."
2026,juin,16,2,cmu71dqt202j08iigm15v9pdp,"Je suis votre ami(e) québécois(e) et nous ne nous sommes pas vus depuis longtemps. Vous prenez de mes nouvelles et vous me posez des questions sur ma vie quotidienne (loisirs, famille, travail, etc.)."
2026,juin,17,2,cmu71dqt202j38iigv7505pub,"Je suis votre ami(e). Je dois poster un paquet mais je ne peux pas y aller. Je vous demande de l’aide. Vous me posez des questions pour décider si vous pouvez me rendre ce service (délai, volume, durée, etc.)."
2026,juin,18,2,cmu71dqt302j58iigzt07o88i,"Je suis votre ami(e). Je vous invite à l’anniversaire de ma sœur. Vous me posez des questions sur elle pour savoir quel cadeau lui offrir (goûts, activités, personnalité, etc.)."
2026,juin,19,2,cmu71dqt502j68iigjcgd5dtr,"Je suis votre ami(e). Vous voulez regarder une série télévisée. Vous ne savez pas laquelle choisir. Vous me posez des questions pour choisir une série à regarder (types de séries, acteurs, chaînes, etc.)."
2026,juin,20,2,cmu71dqt502j88iig5fcxuug1,"Vous venez d’arriver au Québec. Je suis votre collègue. Vous avez envie de rencontrer des gens. Vous me posez des questions pour savoir où et comment rencontrer de nouvelles personnes (activités, associations, lieux de convivialité, etc.)."
2026,juin,21,2,cmu71dqt602jb8iigm5rty6go,"Je suis un(e) ami(e) canadien(ne), je travaille dans un cinéma. Vous êtes en vacances au Canada, vous souhaitez aller voir un film. Vous m’interrogez pour faire votre choix (types de film, horaires, tarifs, etc.)."
2026,juin,22,2,cmu71dqt702jc8iigom68h85g,"Je suis un(e) ami(e) canadien(ne), je viens de passer des vacances formidables au bord de la mer. Vous aimeriez faire la même chose. Vous me posez des questions sur ce séjour (lieu, activités, tarifs, etc.)."
2026,juin,23,2,cmu71dqt702je8iigp22hh5qo,"Je suis un(e) ami(e) francophone. Vous devez écrire un article pour présenter un livre dans la revue de votre association littéraire. Vous cherchez des idées. Vous m’interrogez sur mes lectures récentes."
2026,juin,24,2,cmu71dqt802jg8iigau2ssl50,"Je suis un(e) ami(e). J’ai participé à un jeu organisé par une chaîne de télévision. Vous m’interrogez sur mon expérience (conditions d’inscription, contenus, intérêt, etc.) pour décider si vous voulez participer à ce jeu."
2026,juin,25,2,cmu71dqt802ji8iiga3anfdn0,"Je suis un(e) employé(e) de l’agence de transports en commun de la ville. C’est votre première visite. Vous m’interrogez pour savoir comment fonctionnent les transports en commun ici (type de transports, tarifs, horaires, etc.). [L’examinateur indique au candidat de quelle ville il s’agit.]."
2026,juin,26,2,cmu71dqt802jk8iigextdpvrf,"Je suis un(e) ami(e) québécois(e). Vous allez vous installer au Québec. Vous me posez des questions sur les habitudes alimentaires des Québécois (nombre de repas, horaires, plats typiques, etc.)."
2026,juin,27,2,cmu71dqt902jm8iighg33q5ip,"Je suis votre ami(e). Je vends des objets que je n’utilise plus sur Internet. Vous souhaitez faire la même chose. Vous me posez des questions pour avoir plus d’informations (type de site, types d’objets, modalités, etc.)."
2026,juin,28,2,cmu71dqta02jp8iigbkgkct88,"Je suis votre voisin(e). Je participe à l’organisation d’un festival culturel dans notre ville. Vous me proposez votre aide. Vous me posez des questions sur l’organisation du festival (préparation, lieux, horaires, etc.)."
2026,juin,29,2,cmu71dqta02jr8iigiqitz2gu,"Je suis votre voisin(e). Vous allez vous occuper de ma maison pendant mon absence. Vous me posez des questions pour savoir ce que vous devrez faire (durée de l’absence, types de services, informations utiles, etc.)."
2026,juin,30,2,cmu71dqtd02js8iigjkkgnp95,"Je travaille dans une entreprise de services aux particuliers. Vous avez besoin de faire de petits travaux chez vous. Vous me posez des questions pour obtenir des informations (services proposés, tarifs, organisation, etc.)."
2026,juin,31,2,cmu71dqte02jv8iigmbmn4xhq,"Je suis votre voisin(e), je vous ai invité(e) à une soirée entre voisins lundi prochain. Vous avez emménagé dans l’immeuble il y a peu de temps, vous me demandez plus d’informations (horaire, plat à apporter, ambiance, etc.) sur la soirée."
2026,juin,32,2,cmu71dqte02jx8iigygo3k11c,"Je suis votre professeur(e) de français. Vous voulez perfectionner votre français, vous voulez progresser rapidement. Vous me demandez des conseils (actions, moyens, pratique, etc.)."
2026,juin,33,2,cmu71dqte02jz8iig7q22qwqw,"Je suis un(e) employé(e) du centre culturel de la ville. Vous voulez faire une activité artistique (musique, dessin, théâtre, danse, etc.). Vous allez dans le centre culturel. Vous me demandez des informations (horaires, activités, tarifs, etc.)."
2026,juin,34,2,cmu71dqte02k08iig8q4pwdah,"Je suis un(e) ami(e) francophone. Vous voulez vous promener dans ma ville. Demandez-moi des informations sur des endroits sympathiques à visiter (lieux, activités, prix, etc.)."
2026,juin,35,2,cmu71dqtf02k28iigwmgeapbd,"Je suis un(e) ami(e) francophone. Vous séjournez dans ma ville. Vous souhaitez avoir une activité bénévole (c’est-à-dire une activité non rémunérée). Vous m’interrogez sur les possibilités (type d’action, type d’organisme, public concerné, etc.). [L’examinateur indique au candidat de quelle ville il s’agit.]."
2026,juin,36,2,cmu71dqtf02k58iiggkr74wn1,"Je suis votre ami(e). Je prends des cours de sport à la maison avec un entraîneur personnel. Vous êtes intéressé(e). Vous me posez des questions sur ces cours (horaires, tarifs, exercices, etc.)."
2026,juin,37,2,cmu71dqtf02k68iig6nv9zng5,"Je suis votre ami(e). Je vends souvent mes anciennes affaires (vêtements, livres, objets, etc.) sur Internet. Vous êtes intéressé(e). Vous me posez des questions pour savoir comment faire (sites, produits, prix, etc.)."
2026,juin,38,2,cmu71dqtg02k98iigujdwplre,"Je suis votre ami(e). J’ai participé à un concours de cuisine. Vous êtes intéressé(e). Vous me posez des questions pour avoir plus d’informations (inscription, organisation, cadeaux, etc.)."
2026,juin,39,2,cmu71dqtg02ka8iigb5uz7q2w,"Je suis votre ami(e). Mon fils a participé à un camp de vacances pendant une semaine. Vous êtes intéressé(e) et vous me posez des questions sur ce type de séjours pour enfants (tarifs, lieux, activités, etc.)."
2026,juin,40,2,cmu71dqtg02kd8iigjqwrg5d2,"Je suis votre collègue. Je viens travailler en voiture. Je propose du covoiturage. Vous êtes intéressé(e). Vous me posez des questions (prix, participants, trajet, etc.)."
2026,juillet,1,2,cmu71dqtg02kf8iiga9h3rfyu,"Je loue des chambres d’hôtes pour les touristes. Vous souhaitez réserver une chambre dans mon gîte. Vous me posez des questions pour avoir plus d’informations (lieu, tarifs, services, etc.)."
2026,juillet,2,2,cmu71dqth02kh8iig0894eh8h,"Je suis votre ami(e). J’ai un magasin. J’ai besoin d’un vendeur ou d’une vendeuse. Vous cherchez du travail. Vous me posez des questions sur le poste proposé (tâches, horaires, salaire, etc.)."
2026,juillet,3,2,cmu71dqth02kj8iig5fwanfp3,"Je travaille dans un grand centre sportif. Vous souhaitez faire une activité sportive. Vous me posez des questions pour avoir des informations et faire votre choix (type d’activités, tarifs, horaires, etc.)."
2026,juillet,4,2,cmu71dqth02kk8iig7f37durj,"Je travaille dans un magasin. Vous voulez acheter un ordinateur. Vous me posez des questions sur les produits disponibles (prix, taille, utilisation, etc.)."
2026,juillet,5,2,cmu71dqth02kn8iig634j6g4n,"Je travaille à l’office de tourisme de votre ville. Vous cherchez des informations sur les prochains événements culturels. Vous me posez des questions (activités, dates, prix, etc.)."
2026,juillet,6,2,cmu71dqth02kp8iigm28vc437,"Au Québec, vous souhaitez entrer en contact avec des personnes venant de votre pays d’origine. Vous me demandez conseil, je travaille au bureau d’arrondissement de la ville. Posez-moi des questions (structures d’accueil, activités, lieux, etc.)."
2026,juillet,7,2,cmu71dqth02kq8iigt8x2omxu,"Je suis votre ami(e), je vis au Québec. Vous allez bientôt vous installer dans ma ville. Vous me posez des questions pour mieux la connaître (loisirs, transports, commerces, lieux préférés, etc.)."
2026,juillet,8,2,cmu71dqti02kt8iignd8u4qyq,"Je suis votre ami(e). Pendant une semaine, vous allez recevoir vos neveux et nièces qui ont entre 8 et 15 ans. Vous n’avez pas l’habitude des enfants. Vous me demandez des conseils pour organiser votre semaine avec eux (visites, activités, vie quotidienne, etc.)."
2026,juillet,9,2,cmu71dqti02kv8iignjxxc37r,"Nous ne nous connaissons pas. Je vends une bicyclette à assistance électrique. Vous me posez des questions pour avoir des informations sur la bicyclette (état, fonctionnement, prix, etc.)."
2026,juillet,10,2,cmu71dqti02kx8iigl15omqgr,"Pour la première fois, vous partez skier avec des amis. Vous savez que le ski est mon sport préféré. Posez-moi des questions sur les lieux, l’équipement à prévoir, les tarifs, l’hébergement, etc."
2026,juillet,11,2,cmu71dqti02ky8iigzh205dgg,"Je suis votre professeur de français. Vous allez passer le prochain Nouvel An en France. Vous vous demandez comment les Français célèbrent cette fête. Vous me posez des questions pour vous faire une idée (lieux, activités, plats, etc.)."
2026,juillet,12,2,cmu71dqti02l08iigmnavvllm,"Je suis un (une) de vos collègues, je fais régulièrement du sport dans une salle proche de notre entreprise. Cela vous intéresse. Vous me posez des questions sur la salle (activités sportives proposées, les tarifs, les horaires, etc.)."
2026,juillet,13,2,cmu71dqtj02l38iigs8nfah7u,"Je suis un(e) ami(e) français(e). Votre professeur de français vous a demandé de faire un petit exposé sur le mariage pour comparer les habitudes dans votre pays et en France. Vous m’interrogez sur le mariage en France."
2026,juillet,14,2,cmu71dqtj02l48iigrmazv1pa,"Je suis un(e) ami(e). Je travaille dans une entreprise française. Vous souhaitez travailler en France. Vous m’interrogez sur mon expérience (formation, activités, relations, conditions de travail, etc.)."
2026,juillet,15,2,cmu71dqtj02l68iigkfl72008,"Je suis votre voisin(e). Vous avez accepté de garder mon enfant une journée pour me rendre service. Vous me demandez des informations sur mon enfant (activités préférées, habitudes, repas, etc.)."
2026,juillet,16,2,cmu71dqtj02l98iigko7j9xsy,"Je suis employé(e) dans un office de tourisme. Vous souhaitez louer une maison au bord de la mer pour les vacances. Vous me posez des questions pour obtenir des renseignements (lieux, conditions de location, activités dans la région, etc.)."
2026,juillet,17,2,cmu71dqtj02lb8iigwqb91n42,"Je suis votre collègue. Je cherche un colocataire. Vous êtes intéressé(e) et vous me posez des questions sur le logement disponible (pièces, loyer, autres habitants, etc.)."
2026,juillet,18,2,cmu71dqtk02ld8iigvqb16ws7,"Je suis votre voisin(e). Vous êtes nouveau/nouvelle dans l’immeuble. Nous nous rencontrons pour la première fois. Vous me demandez des informations sur la vie de l’immeuble (habitants, règles, espaces communs, etc.)."
2026,juillet,19,2,cmu71dqtk02le8iig3uloqwah,"Je travaille dans un établissement scolaire. Vous venez de vous installer au Québec et vous souhaitez inscrire votre enfant dans mon établissement. Vous me posez des questions pour obtenir des renseignements (horaires, matières, élèves, etc.)."
2026,juillet,20,2,cmu71dqtk02lg8iignu1dxi7x,"Je travaille à l’accueil d’une école de danse. Vous êtes intéressé(e) par les cours proposés. Vous me posez des questions pour obtenir des informations (types de danse, horaires, tarifs, etc.)."
2026,août,8,3,cmu71dqtq02n18iigl3d2pqf2,"L’accès aux soins médicaux doit être gratuit pour tous. Qu’en pensez-vous ?"
2026,septembre,6,2,cmu71dqtw02p58iiga6voph6p,"Je suis votre ami(e). Je veux vendre ma maison. Vous cherchez à en acheter une. Vous me posez des questions pour obtenir des informations sur cette maison (nombre de pièces, équipements, prix, etc.)."
2026,septembre,7,2,cmu71dqtw02p78iigwj4q8o7b,"Je suis votre ami(e). J’ai fait une croisière en bateau. Vous rêvez d’en faire une. Vous me posez des questions pour avoir des informations sur la croisière que j’ai faite (tarifs, activités, services, etc.)."
2026,septembre,8,2,cmu71dtpl02p88iigqhj6fwj4,"Je suis votre voisin(e). Je donne des cours de cuisine à des particuliers. Vous êtes intéressé(e). Vous me posez des questions pour savoir comment cela se passe (tarifs, plats, participants, etc.)."
2026,septembre,9,2,cmu71dtpm02pb8iigyzwjyssj,"Je travaille dans un restaurant. Vous souhaitez organiser un repas d’anniversaire pour votre meilleur(e) ami(e). Vous me posez des questions sur les services du restaurant (menus, prix, disponibilités, etc.)."
2026,septembre,10,2,cmu71dtpm02pc8iig50s4j669,"Nous sommes collègues de travail. Je vends un stock de vêtements d’occasion pour enfants. Vous êtes intéressé(e). Vous me posez des questions sur ces vêtements (taille, prix, quantité, etc.)."
2026,septembre,11,2,cmu71dtpm02pe8iig885ck00j,"Je suis un(e) ami(e) francophone installé(e) ici depuis longtemps. Vous venez d’arriver dans ma ville. Vous me demandez des conseils pratiques pour votre installation (logement, démarches administratives, transports, commerces, loisirs, etc.)."
2026,septembre,12,2,cmu71dtpn02ph8iigruwsql7d,"Je suis un(e) ami(e) francophone. Vous voulez savoir comment cela se passe quand on tombe malade dans mon pays. Vous me posez des questions sur l’organisation des soins (médecins, hôpitaux, urgences médicales, etc.)."
2026,septembre,13,2,cmu71dtpn02pj8iigcibwqk0e,"Je suis votre professeur(e) de français. Vous allez passer le prochain Nouvel An au Canada. Vous vous demandez comment les Canadiens célèbrent cette fête. Vous me posez des questions pour vous faire une idée (lieux, activités, plats, etc.)."
2026,septembre,15,2,cmu71dtpn02pm8iig2m6lzd0j,"Je suis votre voisin(e) canadien(ne). Un de vos amis est végétarien, il doit faire un voyage d’affaires au Canada. Vous m’interrogez pour savoir si votre ami pourra se nourrir facilement au Canada ou pas (restaurants et cantines, achats, variété, prix, etc.)."
2026,septembre,16,2,cmu71dtpo02pp8iigeqxoae3o,"Je suis parent d’élève. Nos enfants vont à la même école. Vous allez participer à la fête de l’école pour la première fois. Vous me posez des questions sur l’événement (horaires, programme, animations, etc.)."
2026,septembre,17,2,cmu71dtpo02pq8iigk8e6yt6l,"Je suis votre ami(e). J’habite dans une grande ville. Vous voulez louer un logement dans cette ville. Vous me posez des questions à ce sujet (offres, prix, quartier, etc.)."
2026,septembre,18,2,cmu71dtpo02pt8iig6ly17jty,"Je travaille dans un club sportif. Vous voulez vous inscrire à un cours de sport. Vous me posez des questions pour obtenir des informations et faire votre choix (sports proposés, horaires, tarifs, etc.)."
2026,septembre,19,2,cmu71dtpo02pv8iigjufkagdp,"Je travaille dans une agence de voyages. Vous cherchez une destination de vacances. Vous me posez des questions pour obtenir des informations et faire votre choix (prix, lieu, activités, etc.)."
2026,septembre,20,2,cmu71dtpp02px8iighmozb222,"Je travaille à la ludothèque de votre ville (espace où vous pouvez emprunter des jeux). Vous souhaitez vous inscrire. Vous me posez des questions sur la ludothèque (horaires, tarifs, types de jeux, etc.)."
2026,septembre,21,2,cmu71dtpp02pz8iigrvxk2ckf,"Je suis un(e) ami(e) québécois(e). Vous allez vous installer au Québec. Vous me posez des questions sur les habitudes alimentaires des Québécois (nombre de repas, horaires, plats typiques, etc.)."
2026,septembre,22,2,cmu71dtps02q18iigaebt16qz,"Je suis votre ami(e). Je vends des objets que je n’utilise plus sur Internet. Vous souhaitez faire la même chose. Vous me posez des questions pour avoir plus d’informations (type de site, types d’objets, modalités, etc.)."
2026,septembre,23,2,cmu71dtps02q28iigx10uszis,"Je suis votre voisin(e). Je participe à l’organisation d’un festival culturel dans notre ville. Vous me proposez votre aide. Vous me posez des questions sur l’organisation du festival (préparation, lieux, horaires, etc.)."
2026,septembre,24,2,cmu71dtpt02q58iigwi7nglcd,"Je suis votre voisin(e). Vous allez vous occuper de ma maison pendant mon absence. Vous me posez des questions pour savoir ce que vous devrez faire (durée de l’absence, types de services, informations utiles, etc.)."
2026,septembre,25,2,cmu71dtpu02q78iigyngna85k,"Je travaille dans une entreprise de services aux particuliers. Vous avez besoin de faire de petits travaux chez vous. Vous me posez des questions pour obtenir des informations (services proposés, tarifs, organisation, etc.)."
2026,septembre,26,2,cmu71dtpu02q88iig6bjcdk9s,"Je propose une chambre à louer dans mon appartement. Vous avez vu mon annonce. Vous venez visiter l’appartement et vous me posez des questions (loyer, meubles, vie en commun, etc.)."
2026,septembre,27,2,cmu71dtpu02qa8iig67fc2442,"Je suis votre ami(e), je vous invite à la soirée d’ouverture d’un grand restaurant. Vous me posez des questions sur l’événement (tenue appropriée, menu proposé, déroulement de la soirée, etc.)."
2026,septembre,28,2,cmu71dtpv02qc8iigqf98h7sx,"Je suis votre collègue. Je ne pourrai pas aller chercher mes parents à l’aéroport ce week-end. Vous me proposez de me rendre ce service et vous me demandez les informations nécessaires (dates, vol, description physique, etc.)."
2026,septembre,29,2,cmu71dtpw02qf8iigg09bu2td,"Je suis votre collègue. Vous avez lu mon annonce au travail : je revends mes meubles. Vous êtes intéressé(e) : vous me posez des questions (état, prix, taille, etc.)."
2026,septembre,30,2,cmu71dtpw02qg8iig0xsd9z72,"Je suis votre voisin(e). Vous venez d’emménager dans mon immeuble. Vous me posez des questions sur les activités du quartier (commerces, activités culturelles et sportives, etc.)."